===== install patched groundingdino Thu May  7 09:01:39 CST 2026 =====
Using pip 26.1.1 from /root/autodl-tmp/conda_envs/image_analysis/lib/python3.10/site-packages/pip (python 3.10)
Looking in indexes: https://mirror.nju.edu.cn/pypi/web/simple
Obtaining file:///root/autodl-tmp/Image_Analysis_Workflow/Grounded-Segment-Anything/GroundingDINO
  Checking if build backend supports build_editable: started
  Running command Checking if build backend supports build_editable
  Checking if build backend supports build_editable: finished with status 'done'
  Preparing editable metadata (pyproject.toml): started
  Running command Preparing editable metadata (pyproject.toml)
  fatal: not a git repository (or any parent up to mount point /root)
  Stopping at filesystem boundary (GIT_DISCOVERY_ACROSS_FILESYSTEM not set).
  Building wheel groundingdino-0.1.0
  Compiling with CUDA
  running dist_info
  creating /tmp/pip-modern-metadata-exlxhiau/groundingdino.egg-info
  writing /tmp/pip-modern-metadata-exlxhiau/groundingdino.egg-info/PKG-INFO
  writing dependency_links to /tmp/pip-modern-metadata-exlxhiau/groundingdino.egg-info/dependency_links.txt
  writing requirements to /tmp/pip-modern-metadata-exlxhiau/groundingdino.egg-info/requires.txt
  writing top-level names to /tmp/pip-modern-metadata-exlxhiau/groundingdino.egg-info/top_level.txt
  writing manifest file '/tmp/pip-modern-metadata-exlxhiau/groundingdino.egg-info/SOURCES.txt'
  reading manifest file '/tmp/pip-modern-metadata-exlxhiau/groundingdino.egg-info/SOURCES.txt'
  adding license file 'LICENSE'
  writing manifest file '/tmp/pip-modern-metadata-exlxhiau/groundingdino.egg-info/SOURCES.txt'
  creating '/tmp/pip-modern-metadata-exlxhiau/groundingdino-0.1.0.dist-info'
  Preparing editable metadata (pyproject.toml): finished with status 'done'
Requirement already satisfied: torch in /root/autodl-tmp/conda_envs/image_analysis/lib/python3.10/site-packages (from groundingdino==0.1.0) (2.11.0+cu128)
Requirement already satisfied: torchvision in /root/autodl-tmp/conda_envs/image_analysis/lib/python3.10/site-packages (from groundingdino==0.1.0) (0.26.0+cu128)
Requirement already satisfied: transformers in /root/autodl-tmp/conda_envs/image_analysis/lib/python3.10/site-packages (from groundingdino==0.1.0) (5.8.0)
Requirement already satisfied: addict in /root/autodl-tmp/conda_envs/image_analysis/lib/python3.10/site-packages (from groundingdino==0.1.0) (2.4.0)
Requirement already satisfied: yapf in /root/autodl-tmp/conda_envs/image_analysis/lib/python3.10/site-packages (from groundingdino==0.1.0) (0.43.0)
Requirement already satisfied: timm in /root/autodl-tmp/conda_envs/image_analysis/lib/python3.10/site-packages (from groundingdino==0.1.0) (1.0.26)
Requirement already satisfied: numpy in /root/autodl-tmp/conda_envs/image_analysis/lib/python3.10/site-packages (from groundingdino==0.1.0) (2.2.3)
Requirement already satisfied: opencv-python in /root/autodl-tmp/conda_envs/image_analysis/lib/python3.10/site-packages (from groundingdino==0.1.0) (4.13.0.92)
Requirement already satisfied: supervision in /root/autodl-tmp/conda_envs/image_analysis/lib/python3.10/site-packages (from groundingdino==0.1.0) (0.28.0)
Requirement already satisfied: pycocotools in /root/autodl-tmp/conda_envs/image_analysis/lib/python3.10/site-packages (from groundingdino==0.1.0) (2.0.11)
Requirement already satisfied: defusedxml>=0.7.1 in /root/autodl-tmp/conda_envs/image_analysis/lib/python3.10/site-packages (from supervision->groundingdino==0.1.0) (0.7.1)
Requirement already satisfied: matplotlib>=3.6 in /root/autodl-tmp/conda_envs/image_analysis/lib/python3.10/site-packages (from supervision->groundingdino==0.1.0) (3.10.9)
Requirement already satisfied: pillow>=9.4 in /root/autodl-tmp/conda_envs/image_analysis/lib/python3.10/site-packages (from supervision->groundingdino==0.1.0) (11.1.0)
Requirement already satisfied: pydeprecate<0.8,>=0.7 in /root/autodl-tmp/conda_envs/image_analysis/lib/python3.10/site-packages (from supervision->groundingdino==0.1.0) (0.7.0)
Requirement already satisfied: pyyaml>=5.3 in /root/autodl-tmp/conda_envs/image_analysis/lib/python3.10/site-packages (from supervision->groundingdino==0.1.0) (6.0.2)
Requirement already satisfied: requests>=2.26 in /root/autodl-tmp/conda_envs/image_analysis/lib/python3.10/site-packages (from supervision->groundingdino==0.1.0) (2.32.3)
Requirement already satisfied: scipy>=1.10 in /root/autodl-tmp/conda_envs/image_analysis/lib/python3.10/site-packages (from supervision->groundingdino==0.1.0) (1.15.3)
Requirement already satisfied: tqdm>=4.62.3 in /root/autodl-tmp/conda_envs/image_analysis/lib/python3.10/site-packages (from supervision->groundingdino==0.1.0) (4.67.1)
Requirement already satisfied: contourpy>=1.0.1 in /root/autodl-tmp/conda_envs/image_analysis/lib/python3.10/site-packages (from matplotlib>=3.6->supervision->groundingdino==0.1.0) (1.3.2)
Requirement already satisfied: cycler>=0.10 in /root/autodl-tmp/conda_envs/image_analysis/lib/python3.10/site-packages (from matplotlib>=3.6->supervision->groundingdino==0.1.0) (0.12.1)
Requirement already satisfied: fonttools>=4.22.0 in /root/autodl-tmp/conda_envs/image_analysis/lib/python3.10/site-packages (from matplotlib>=3.6->supervision->groundingdino==0.1.0) (4.62.1)
Requirement already satisfied: kiwisolver>=1.3.1 in /root/autodl-tmp/conda_envs/image_analysis/lib/python3.10/site-packages (from matplotlib>=3.6->supervision->groundingdino==0.1.0) (1.5.0)
Requirement already satisfied: packaging>=20.0 in /root/autodl-tmp/conda_envs/image_analysis/lib/python3.10/site-packages (from matplotlib>=3.6->supervision->groundingdino==0.1.0) (24.2)
Requirement already satisfied: pyparsing>=3 in /root/autodl-tmp/conda_envs/image_analysis/lib/python3.10/site-packages (from matplotlib>=3.6->supervision->groundingdino==0.1.0) (3.3.2)
Requirement already satisfied: python-dateutil>=2.7 in /root/autodl-tmp/conda_envs/image_analysis/lib/python3.10/site-packages (from matplotlib>=3.6->supervision->groundingdino==0.1.0) (2.9.0.post0)
Requirement already satisfied: six>=1.5 in /root/autodl-tmp/conda_envs/image_analysis/lib/python3.10/site-packages (from python-dateutil>=2.7->matplotlib>=3.6->supervision->groundingdino==0.1.0) (1.17.0)
Requirement already satisfied: charset-normalizer<4,>=2 in /root/autodl-tmp/conda_envs/image_analysis/lib/python3.10/site-packages (from requests>=2.26->supervision->groundingdino==0.1.0) (3.4.1)
Requirement already satisfied: idna<4,>=2.5 in /root/autodl-tmp/conda_envs/image_analysis/lib/python3.10/site-packages (from requests>=2.26->supervision->groundingdino==0.1.0) (3.10)
Requirement already satisfied: urllib3<3,>=1.21.1 in /root/autodl-tmp/conda_envs/image_analysis/lib/python3.10/site-packages (from requests>=2.26->supervision->groundingdino==0.1.0) (2.3.0)
Requirement already satisfied: certifi>=2017.4.17 in /root/autodl-tmp/conda_envs/image_analysis/lib/python3.10/site-packages (from requests>=2.26->supervision->groundingdino==0.1.0) (2025.1.31)
Requirement already satisfied: huggingface_hub in /root/autodl-tmp/conda_envs/image_analysis/lib/python3.10/site-packages (from timm->groundingdino==0.1.0) (1.14.0)
Requirement already satisfied: safetensors in /root/autodl-tmp/conda_envs/image_analysis/lib/python3.10/site-packages (from timm->groundingdino==0.1.0) (0.8.0rc0)
Requirement already satisfied: filelock>=3.10.0 in /root/autodl-tmp/conda_envs/image_analysis/lib/python3.10/site-packages (from huggingface_hub->timm->groundingdino==0.1.0) (3.17.0)
Requirement already satisfied: fsspec>=2023.5.0 in /root/autodl-tmp/conda_envs/image_analysis/lib/python3.10/site-packages (from huggingface_hub->timm->groundingdino==0.1.0) (2024.12.0)
Requirement already satisfied: hf-xet<2.0.0,>=1.4.3 in /root/autodl-tmp/conda_envs/image_analysis/lib/python3.10/site-packages (from huggingface_hub->timm->groundingdino==0.1.0) (1.5.0)
Requirement already satisfied: httpx<1,>=0.23.0 in /root/autodl-tmp/conda_envs/image_analysis/lib/python3.10/site-packages (from huggingface_hub->timm->groundingdino==0.1.0) (0.28.1)
Requirement already satisfied: typer>=0.20.0 in /root/autodl-tmp/conda_envs/image_analysis/lib/python3.10/site-packages (from huggingface_hub->timm->groundingdino==0.1.0) (0.25.1)
Requirement already satisfied: typing-extensions>=4.1.0 in /root/autodl-tmp/conda_envs/image_analysis/lib/python3.10/site-packages (from huggingface_hub->timm->groundingdino==0.1.0) (4.15.0)
Requirement already satisfied: anyio in /root/autodl-tmp/conda_envs/image_analysis/lib/python3.10/site-packages (from httpx<1,>=0.23.0->huggingface_hub->timm->groundingdino==0.1.0) (4.8.0)
Requirement already satisfied: httpcore==1.* in /root/autodl-tmp/conda_envs/image_analysis/lib/python3.10/site-packages (from httpx<1,>=0.23.0->huggingface_hub->timm->groundingdino==0.1.0) (1.0.9)
Requirement already satisfied: h11>=0.16 in /root/autodl-tmp/conda_envs/image_analysis/lib/python3.10/site-packages (from httpcore==1.*->httpx<1,>=0.23.0->huggingface_hub->timm->groundingdino==0.1.0) (0.16.0)
Requirement already satisfied: click>=8.2.1 in /root/autodl-tmp/conda_envs/image_analysis/lib/python3.10/site-packages (from typer>=0.20.0->huggingface_hub->timm->groundingdino==0.1.0) (8.3.3)
Requirement already satisfied: shellingham>=1.3.0 in /root/autodl-tmp/conda_envs/image_analysis/lib/python3.10/site-packages (from typer>=0.20.0->huggingface_hub->timm->groundingdino==0.1.0) (1.5.4)
Requirement already satisfied: rich>=13.8.0 in /root/autodl-tmp/conda_envs/image_analysis/lib/python3.10/site-packages (from typer>=0.20.0->huggingface_hub->timm->groundingdino==0.1.0) (13.9.4)
Requirement already satisfied: annotated-doc>=0.0.2 in /root/autodl-tmp/conda_envs/image_analysis/lib/python3.10/site-packages (from typer>=0.20.0->huggingface_hub->timm->groundingdino==0.1.0) (0.0.4)
Requirement already satisfied: markdown-it-py>=2.2.0 in /root/autodl-tmp/conda_envs/image_analysis/lib/python3.10/site-packages (from rich>=13.8.0->typer>=0.20.0->huggingface_hub->timm->groundingdino==0.1.0) (3.0.0)
Requirement already satisfied: pygments<3.0.0,>=2.13.0 in /root/autodl-tmp/conda_envs/image_analysis/lib/python3.10/site-packages (from rich>=13.8.0->typer>=0.20.0->huggingface_hub->timm->groundingdino==0.1.0) (2.19.1)
Requirement already satisfied: mdurl~=0.1 in /root/autodl-tmp/conda_envs/image_analysis/lib/python3.10/site-packages (from markdown-it-py>=2.2.0->rich>=13.8.0->typer>=0.20.0->huggingface_hub->timm->groundingdino==0.1.0) (0.1.2)
Requirement already satisfied: exceptiongroup>=1.0.2 in /root/autodl-tmp/conda_envs/image_analysis/lib/python3.10/site-packages (from anyio->httpx<1,>=0.23.0->huggingface_hub->timm->groundingdino==0.1.0) (1.2.2)
Requirement already satisfied: sniffio>=1.1 in /root/autodl-tmp/conda_envs/image_analysis/lib/python3.10/site-packages (from anyio->httpx<1,>=0.23.0->huggingface_hub->timm->groundingdino==0.1.0) (1.3.1)
Requirement already satisfied: setuptools<82 in /root/autodl-tmp/conda_envs/image_analysis/lib/python3.10/site-packages (from torch->groundingdino==0.1.0) (75.8.0)
Requirement already satisfied: sympy>=1.13.3 in /root/autodl-tmp/conda_envs/image_analysis/lib/python3.10/site-packages (from torch->groundingdino==0.1.0) (1.14.0)
Requirement already satisfied: networkx>=2.5.1 in /root/autodl-tmp/conda_envs/image_analysis/lib/python3.10/site-packages (from torch->groundingdino==0.1.0) (3.4.2)
Requirement already satisfied: jinja2 in /root/autodl-tmp/conda_envs/image_analysis/lib/python3.10/site-packages (from torch->groundingdino==0.1.0) (3.1.6)
Requirement already satisfied: cuda-toolkit==12.8.1 in /root/autodl-tmp/conda_envs/image_analysis/lib/python3.10/site-packages (from cuda-toolkit[cublas,cudart,cufft,cufile,cupti,curand,cusolver,cusparse,nvjitlink,nvrtc,nvtx]==12.8.1; platform_system == "Linux"->torch->groundingdino==0.1.0) (12.8.1)
Requirement already satisfied: cuda-bindings<13,>=12.9.4 in /root/autodl-tmp/conda_envs/image_analysis/lib/python3.10/site-packages (from torch->groundingdino==0.1.0) (12.9.4)
Requirement already satisfied: nvidia-cudnn-cu12==9.19.0.56 in /root/autodl-tmp/conda_envs/image_analysis/lib/python3.10/site-packages (from torch->groundingdino==0.1.0) (9.19.0.56)
Requirement already satisfied: nvidia-cusparselt-cu12==0.7.1 in /root/autodl-tmp/conda_envs/image_analysis/lib/python3.10/site-packages (from torch->groundingdino==0.1.0) (0.7.1)
Requirement already satisfied: nvidia-nccl-cu12==2.28.9 in /root/autodl-tmp/conda_envs/image_analysis/lib/python3.10/site-packages (from torch->groundingdino==0.1.0) (2.28.9)
Requirement already satisfied: nvidia-nvshmem-cu12==3.4.5 in /root/autodl-tmp/conda_envs/image_analysis/lib/python3.10/site-packages (from torch->groundingdino==0.1.0) (3.4.5)
Requirement already satisfied: triton==3.6.0 in /root/autodl-tmp/conda_envs/image_analysis/lib/python3.10/site-packages (from torch->groundingdino==0.1.0) (3.6.0)
Requirement already satisfied: nvidia-nvjitlink-cu12==12.8.93.* in /root/autodl-tmp/conda_envs/image_analysis/lib/python3.10/site-packages (from cuda-toolkit[cublas,cudart,cufft,cufile,cupti,curand,cusolver,cusparse,nvjitlink,nvrtc,nvtx]==12.8.1; platform_system == "Linux"->torch->groundingdino==0.1.0) (12.8.93)
Requirement already satisfied: nvidia-cuda-runtime-cu12==12.8.90.* in /root/autodl-tmp/conda_envs/image_analysis/lib/python3.10/site-packages (from cuda-toolkit[cublas,cudart,cufft,cufile,cupti,curand,cusolver,cusparse,nvjitlink,nvrtc,nvtx]==12.8.1; platform_system == "Linux"->torch->groundingdino==0.1.0) (12.8.90)
Requirement already satisfied: nvidia-cufile-cu12==1.13.1.3.* in /root/autodl-tmp/conda_envs/image_analysis/lib/python3.10/site-packages (from cuda-toolkit[cublas,cudart,cufft,cufile,cupti,curand,cusolver,cusparse,nvjitlink,nvrtc,nvtx]==12.8.1; platform_system == "Linux"->torch->groundingdino==0.1.0) (1.13.1.3)
Requirement already satisfied: nvidia-cusparse-cu12==12.5.8.93.* in /root/autodl-tmp/conda_envs/image_analysis/lib/python3.10/site-packages (from cuda-toolkit[cublas,cudart,cufft,cufile,cupti,curand,cusolver,cusparse,nvjitlink,nvrtc,nvtx]==12.8.1; platform_system == "Linux"->torch->groundingdino==0.1.0) (12.5.8.93)
Requirement already satisfied: nvidia-cusolver-cu12==11.7.3.90.* in /root/autodl-tmp/conda_envs/image_analysis/lib/python3.10/site-packages (from cuda-toolkit[cublas,cudart,cufft,cufile,cupti,curand,cusolver,cusparse,nvjitlink,nvrtc,nvtx]==12.8.1; platform_system == "Linux"->torch->groundingdino==0.1.0) (11.7.3.90)
Requirement already satisfied: nvidia-nvtx-cu12==12.8.90.* in /root/autodl-tmp/conda_envs/image_analysis/lib/python3.10/site-packages (from cuda-toolkit[cublas,cudart,cufft,cufile,cupti,curand,cusolver,cusparse,nvjitlink,nvrtc,nvtx]==12.8.1; platform_system == "Linux"->torch->groundingdino==0.1.0) (12.8.90)
Requirement already satisfied: nvidia-cublas-cu12==12.8.4.1.* in /root/autodl-tmp/conda_envs/image_analysis/lib/python3.10/site-packages (from cuda-toolkit[cublas,cudart,cufft,cufile,cupti,curand,cusolver,cusparse,nvjitlink,nvrtc,nvtx]==12.8.1; platform_system == "Linux"->torch->groundingdino==0.1.0) (12.8.4.1)
Requirement already satisfied: nvidia-cuda-nvrtc-cu12==12.8.93.* in /root/autodl-tmp/conda_envs/image_analysis/lib/python3.10/site-packages (from cuda-toolkit[cublas,cudart,cufft,cufile,cupti,curand,cusolver,cusparse,nvjitlink,nvrtc,nvtx]==12.8.1; platform_system == "Linux"->torch->groundingdino==0.1.0) (12.8.93)
Requirement already satisfied: nvidia-cufft-cu12==11.3.3.83.* in /root/autodl-tmp/conda_envs/image_analysis/lib/python3.10/site-packages (from cuda-toolkit[cublas,cudart,cufft,cufile,cupti,curand,cusolver,cusparse,nvjitlink,nvrtc,nvtx]==12.8.1; platform_system == "Linux"->torch->groundingdino==0.1.0) (11.3.3.83)
Requirement already satisfied: nvidia-cuda-cupti-cu12==12.8.90.* in /root/autodl-tmp/conda_envs/image_analysis/lib/python3.10/site-packages (from cuda-toolkit[cublas,cudart,cufft,cufile,cupti,curand,cusolver,cusparse,nvjitlink,nvrtc,nvtx]==12.8.1; platform_system == "Linux"->torch->groundingdino==0.1.0) (12.8.90)
Requirement already satisfied: nvidia-curand-cu12==10.3.9.90.* in /root/autodl-tmp/conda_envs/image_analysis/lib/python3.10/site-packages (from cuda-toolkit[cublas,cudart,cufft,cufile,cupti,curand,cusolver,cusparse,nvjitlink,nvrtc,nvtx]==12.8.1; platform_system == "Linux"->torch->groundingdino==0.1.0) (10.3.9.90)
Requirement already satisfied: cuda-pathfinder~=1.1 in /root/autodl-tmp/conda_envs/image_analysis/lib/python3.10/site-packages (from cuda-bindings<13,>=12.9.4->torch->groundingdino==0.1.0) (1.2.2)
Requirement already satisfied: mpmath<1.4,>=1.1.0 in /root/autodl-tmp/conda_envs/image_analysis/lib/python3.10/site-packages (from sympy>=1.13.3->torch->groundingdino==0.1.0) (1.3.0)
Requirement already satisfied: MarkupSafe>=2.0 in /root/autodl-tmp/conda_envs/image_analysis/lib/python3.10/site-packages (from jinja2->torch->groundingdino==0.1.0) (3.0.2)
Requirement already satisfied: regex>=2025.10.22 in /root/autodl-tmp/conda_envs/image_analysis/lib/python3.10/site-packages (from transformers->groundingdino==0.1.0) (2026.4.4)
Requirement already satisfied: tokenizers<=0.23.0,>=0.22.0 in /root/autodl-tmp/conda_envs/image_analysis/lib/python3.10/site-packages (from transformers->groundingdino==0.1.0) (0.22.2)
Requirement already satisfied: platformdirs>=3.5.1 in /root/autodl-tmp/conda_envs/image_analysis/lib/python3.10/site-packages (from yapf->groundingdino==0.1.0) (4.9.6)
Requirement already satisfied: tomli>=2.0.1 in /root/autodl-tmp/conda_envs/image_analysis/lib/python3.10/site-packages (from yapf->groundingdino==0.1.0) (2.4.1)
Building wheels for collected packages: groundingdino
  Building editable for groundingdino (pyproject.toml): started
  Running command Building editable for groundingdino (pyproject.toml)
  fatal: not a git repository (or any parent up to mount point /root)
  Stopping at filesystem boundary (GIT_DISCOVERY_ACROSS_FILESYSTEM not set).
  Building wheel groundingdino-0.1.0
  Compiling with CUDA
  running editable_wheel
  creating /tmp/pip-ephem-wheel-cache-t9j18ff3/wheels/3d/06/0d/b8ad4437ab39b31a746ec8f9a9ddba2d1fd46ca5755880f54a/tmpk5rh1_gu/.tmp-58mkip8x/groundingdino.egg-info
  writing /tmp/pip-ephem-wheel-cache-t9j18ff3/wheels/3d/06/0d/b8ad4437ab39b31a746ec8f9a9ddba2d1fd46ca5755880f54a/tmpk5rh1_gu/.tmp-58mkip8x/groundingdino.egg-info/PKG-INFO
  writing dependency_links to /tmp/pip-ephem-wheel-cache-t9j18ff3/wheels/3d/06/0d/b8ad4437ab39b31a746ec8f9a9ddba2d1fd46ca5755880f54a/tmpk5rh1_gu/.tmp-58mkip8x/groundingdino.egg-info/dependency_links.txt
  writing requirements to /tmp/pip-ephem-wheel-cache-t9j18ff3/wheels/3d/06/0d/b8ad4437ab39b31a746ec8f9a9ddba2d1fd46ca5755880f54a/tmpk5rh1_gu/.tmp-58mkip8x/groundingdino.egg-info/requires.txt
  writing top-level names to /tmp/pip-ephem-wheel-cache-t9j18ff3/wheels/3d/06/0d/b8ad4437ab39b31a746ec8f9a9ddba2d1fd46ca5755880f54a/tmpk5rh1_gu/.tmp-58mkip8x/groundingdino.egg-info/top_level.txt
  writing manifest file '/tmp/pip-ephem-wheel-cache-t9j18ff3/wheels/3d/06/0d/b8ad4437ab39b31a746ec8f9a9ddba2d1fd46ca5755880f54a/tmpk5rh1_gu/.tmp-58mkip8x/groundingdino.egg-info/SOURCES.txt'
  reading manifest file '/tmp/pip-ephem-wheel-cache-t9j18ff3/wheels/3d/06/0d/b8ad4437ab39b31a746ec8f9a9ddba2d1fd46ca5755880f54a/tmpk5rh1_gu/.tmp-58mkip8x/groundingdino.egg-info/SOURCES.txt'
  adding license file 'LICENSE'
  writing manifest file '/tmp/pip-ephem-wheel-cache-t9j18ff3/wheels/3d/06/0d/b8ad4437ab39b31a746ec8f9a9ddba2d1fd46ca5755880f54a/tmpk5rh1_gu/.tmp-58mkip8x/groundingdino.egg-info/SOURCES.txt'
  creating '/tmp/pip-ephem-wheel-cache-t9j18ff3/wheels/3d/06/0d/b8ad4437ab39b31a746ec8f9a9ddba2d1fd46ca5755880f54a/tmpk5rh1_gu/.tmp-58mkip8x/groundingdino-0.1.0.dist-info'
  creating /tmp/pip-ephem-wheel-cache-t9j18ff3/wheels/3d/06/0d/b8ad4437ab39b31a746ec8f9a9ddba2d1fd46ca5755880f54a/tmpk5rh1_gu/.tmp-58mkip8x/groundingdino-0.1.0.dist-info/WHEEL
  running build_py
  running build_ext
  building 'groundingdino._C' extension
  creating /tmp/tmpvo0pzgvk.build-temp/root/autodl-tmp/Image_Analysis_Workflow/Grounded-Segment-Anything/GroundingDINO/groundingdino/models/GroundingDINO/csrc/MsDeformAttn
  [1/4] /usr/local/cuda-12.8/bin/nvcc -MD -MF /tmp/tmpvo0pzgvk.build-temp/root/autodl-tmp/Image_Analysis_Workflow/Grounded-Segment-Anything/GroundingDINO/groundingdino/models/GroundingDINO/csrc/cuda_version.o.d -DWITH_CUDA -I/root/autodl-tmp/Image_Analysis_Workflow/Grounded-Segment-Anything/GroundingDINO/groundingdino/models/GroundingDINO/csrc -I/root/autodl-tmp/conda_envs/image_analysis/lib/python3.10/site-packages/torch/include -I/root/autodl-tmp/conda_envs/image_analysis/lib/python3.10/site-packages/torch/include/torch/csrc/api/include -I/usr/local/cuda-12.8/include -I/root/autodl-tmp/conda_envs/image_analysis/include/python3.10 -c -c /root/autodl-tmp/Image_Analysis_Workflow/Grounded-Segment-Anything/GroundingDINO/groundingdino/models/GroundingDINO/csrc/cuda_version.cu -o /tmp/tmpvo0pzgvk.build-temp/root/autodl-tmp/Image_Analysis_Workflow/Grounded-Segment-Anything/GroundingDINO/groundingdino/models/GroundingDINO/csrc/cuda_version.o -D__CUDA_NO_HALF_OPERATORS__ -D__CUDA_NO_HALF_CONVERSIONS__ -D__CUDA_NO_BFLOAT16_CONVERSIONS__ -D__CUDA_NO_HALF2_OPERATORS__ --expt-relaxed-constexpr --compiler-options ''"'"'-fPIC'"'"'' -DCUDA_HAS_FP16=1 -D__CUDA_NO_HALF_OPERATORS__ -D__CUDA_NO_HALF_CONVERSIONS__ -D__CUDA_NO_HALF2_OPERATORS__ -DTORCH_API_INCLUDE_EXTENSION_H -DTORCH_EXTENSION_NAME=_C -gencode=arch=compute_120,code=compute_120 -gencode=arch=compute_120,code=sm_120 -std=c++17
  [2/4] c++ -MMD -MF /tmp/tmpvo0pzgvk.build-temp/root/autodl-tmp/Image_Analysis_Workflow/Grounded-Segment-Anything/GroundingDINO/groundingdino/models/GroundingDINO/csrc/MsDeformAttn/ms_deform_attn_cpu.o.d -pthread -B /root/autodl-tmp/conda_envs/image_analysis/compiler_compat -Wno-unused-result -Wsign-compare -DNDEBUG -fwrapv -O2 -Wall -fPIC -O2 -isystem /root/autodl-tmp/conda_envs/image_analysis/include -fPIC -O2 -isystem /root/autodl-tmp/conda_envs/image_analysis/include -fPIC -DWITH_CUDA -I/root/autodl-tmp/Image_Analysis_Workflow/Grounded-Segment-Anything/GroundingDINO/groundingdino/models/GroundingDINO/csrc -I/root/autodl-tmp/conda_envs/image_analysis/lib/python3.10/site-packages/torch/include -I/root/autodl-tmp/conda_envs/image_analysis/lib/python3.10/site-packages/torch/include/torch/csrc/api/include -I/usr/local/cuda-12.8/include -I/root/autodl-tmp/conda_envs/image_analysis/include/python3.10 -c -c /root/autodl-tmp/Image_Analysis_Workflow/Grounded-Segment-Anything/GroundingDINO/groundingdino/models/GroundingDINO/csrc/MsDeformAttn/ms_deform_attn_cpu.cpp -o /tmp/tmpvo0pzgvk.build-temp/root/autodl-tmp/Image_Analysis_Workflow/Grounded-Segment-Anything/GroundingDINO/groundingdino/models/GroundingDINO/csrc/MsDeformAttn/ms_deform_attn_cpu.o -DTORCH_API_INCLUDE_EXTENSION_H -DTORCH_EXTENSION_NAME=_C -std=c++17
  [3/4] c++ -MMD -MF /tmp/tmpvo0pzgvk.build-temp/root/autodl-tmp/Image_Analysis_Workflow/Grounded-Segment-Anything/GroundingDINO/groundingdino/models/GroundingDINO/csrc/vision.o.d -pthread -B /root/autodl-tmp/conda_envs/image_analysis/compiler_compat -Wno-unused-result -Wsign-compare -DNDEBUG -fwrapv -O2 -Wall -fPIC -O2 -isystem /root/autodl-tmp/conda_envs/image_analysis/include -fPIC -O2 -isystem /root/autodl-tmp/conda_envs/image_analysis/include -fPIC -DWITH_CUDA -I/root/autodl-tmp/Image_Analysis_Workflow/Grounded-Segment-Anything/GroundingDINO/groundingdino/models/GroundingDINO/csrc -I/root/autodl-tmp/conda_envs/image_analysis/lib/python3.10/site-packages/torch/include -I/root/autodl-tmp/conda_envs/image_analysis/lib/python3.10/site-packages/torch/include/torch/csrc/api/include -I/usr/local/cuda-12.8/include -I/root/autodl-tmp/conda_envs/image_analysis/include/python3.10 -c -c /root/autodl-tmp/Image_Analysis_Workflow/Grounded-Segment-Anything/GroundingDINO/groundingdino/models/GroundingDINO/csrc/vision.cpp -o /tmp/tmpvo0pzgvk.build-temp/root/autodl-tmp/Image_Analysis_Workflow/Grounded-Segment-Anything/GroundingDINO/groundingdino/models/GroundingDINO/csrc/vision.o -DTORCH_API_INCLUDE_EXTENSION_H -DTORCH_EXTENSION_NAME=_C -std=c++17
  In file included from /root/autodl-tmp/Image_Analysis_Workflow/Grounded-Segment-Anything/GroundingDINO/groundingdino/models/GroundingDINO/csrc/vision.cpp:3:
  /root/autodl-tmp/Image_Analysis_Workflow/Grounded-Segment-Anything/GroundingDINO/groundingdino/models/GroundingDINO/csrc/MsDeformAttn/ms_deform_attn.h: In function ‘at::Tensor groundingdino::ms_deform_attn_forward(const at::Tensor&, const at::Tensor&, const at::Tensor&, const at::Tensor&, const at::Tensor&, int)’:
  /root/autodl-tmp/Image_Analysis_Workflow/Grounded-Segment-Anything/GroundingDINO/groundingdino/models/GroundingDINO/csrc/MsDeformAttn/ms_deform_attn.h:30:19: warning: ‘at::DeprecatedTypeProperties& at::Tensor::type() const’ is deprecated: Tensor.type() is deprecated. Instead use Tensor.options(), which in many cases (e.g. in a constructor) is a drop-in replacement. If you were using data from type(), that is now available from Tensor itself, so instead of tensor.type().scalar_type(), use tensor.scalar_type() instead and instead of tensor.type().backend() use tensor.device(). [-Wdeprecated-declarations]
     30 |     if (value.type().is_cuda())
        |         ~~~~~~~~~~^~
  In file included from /root/autodl-tmp/conda_envs/image_analysis/lib/python3.10/site-packages/torch/include/ATen/core/Tensor.h:4,
                   from /root/autodl-tmp/conda_envs/image_analysis/lib/python3.10/site-packages/torch/include/ATen/Tensor.h:4,
                   from /root/autodl-tmp/conda_envs/image_analysis/lib/python3.10/site-packages/torch/include/torch/csrc/autograd/function_hook.h:4,
                   from /root/autodl-tmp/conda_envs/image_analysis/lib/python3.10/site-packages/torch/include/torch/csrc/autograd/cpp_hook.h:3,
                   from /root/autodl-tmp/conda_envs/image_analysis/lib/python3.10/site-packages/torch/include/torch/csrc/autograd/variable.h:7,
                   from /root/autodl-tmp/conda_envs/image_analysis/lib/python3.10/site-packages/torch/include/torch/csrc/autograd/autograd.h:4,
                   from /root/autodl-tmp/conda_envs/image_analysis/lib/python3.10/site-packages/torch/include/torch/csrc/api/include/torch/autograd.h:4,
                   from /root/autodl-tmp/conda_envs/image_analysis/lib/python3.10/site-packages/torch/include/torch/csrc/api/include/torch/all.h:8,
                   from /root/autodl-tmp/conda_envs/image_analysis/lib/python3.10/site-packages/torch/include/torch/extension.h:6,
                   from /root/autodl-tmp/Image_Analysis_Workflow/Grounded-Segment-Anything/GroundingDINO/groundingdino/models/GroundingDINO/csrc/MsDeformAttn/ms_deform_attn_cpu.h:12,
                   from /root/autodl-tmp/Image_Analysis_Workflow/Grounded-Segment-Anything/GroundingDINO/groundingdino/models/GroundingDINO/csrc/MsDeformAttn/ms_deform_attn.h:13,
                   from /root/autodl-tmp/Image_Analysis_Workflow/Grounded-Segment-Anything/GroundingDINO/groundingdino/models/GroundingDINO/csrc/vision.cpp:3:
  /root/autodl-tmp/conda_envs/image_analysis/lib/python3.10/site-packages/torch/include/ATen/core/TensorBody.h:231:30: note: declared here
    231 |   DeprecatedTypeProperties & type() const {
        |                              ^~~~
  In file included from /root/autodl-tmp/Image_Analysis_Workflow/Grounded-Segment-Anything/GroundingDINO/groundingdino/models/GroundingDINO/csrc/vision.cpp:3:
  /root/autodl-tmp/Image_Analysis_Workflow/Grounded-Segment-Anything/GroundingDINO/groundingdino/models/GroundingDINO/csrc/MsDeformAttn/ms_deform_attn.h: In function ‘std::vector<at::Tensor> groundingdino::ms_deform_attn_backward(const at::Tensor&, const at::Tensor&, const at::Tensor&, const at::Tensor&, const at::Tensor&, const at::Tensor&, int)’:
  /root/autodl-tmp/Image_Analysis_Workflow/Grounded-Segment-Anything/GroundingDINO/groundingdino/models/GroundingDINO/csrc/MsDeformAttn/ms_deform_attn.h:52:19: warning: ‘at::DeprecatedTypeProperties& at::Tensor::type() const’ is deprecated: Tensor.type() is deprecated. Instead use Tensor.options(), which in many cases (e.g. in a constructor) is a drop-in replacement. If you were using data from type(), that is now available from Tensor itself, so instead of tensor.type().scalar_type(), use tensor.scalar_type() instead and instead of tensor.type().backend() use tensor.device(). [-Wdeprecated-declarations]
     52 |     if (value.type().is_cuda())
        |         ~~~~~~~~~~^~
  In file included from /root/autodl-tmp/conda_envs/image_analysis/lib/python3.10/site-packages/torch/include/ATen/core/Tensor.h:4,
                   from /root/autodl-tmp/conda_envs/image_analysis/lib/python3.10/site-packages/torch/include/ATen/Tensor.h:4,
                   from /root/autodl-tmp/conda_envs/image_analysis/lib/python3.10/site-packages/torch/include/torch/csrc/autograd/function_hook.h:4,
                   from /root/autodl-tmp/conda_envs/image_analysis/lib/python3.10/site-packages/torch/include/torch/csrc/autograd/cpp_hook.h:3,
                   from /root/autodl-tmp/conda_envs/image_analysis/lib/python3.10/site-packages/torch/include/torch/csrc/autograd/variable.h:7,
                   from /root/autodl-tmp/conda_envs/image_analysis/lib/python3.10/site-packages/torch/include/torch/csrc/autograd/autograd.h:4,
                   from /root/autodl-tmp/conda_envs/image_analysis/lib/python3.10/site-packages/torch/include/torch/csrc/api/include/torch/autograd.h:4,
                   from /root/autodl-tmp/conda_envs/image_analysis/lib/python3.10/site-packages/torch/include/torch/csrc/api/include/torch/all.h:8,
                   from /root/autodl-tmp/conda_envs/image_analysis/lib/python3.10/site-packages/torch/include/torch/extension.h:6,
                   from /root/autodl-tmp/Image_Analysis_Workflow/Grounded-Segment-Anything/GroundingDINO/groundingdino/models/GroundingDINO/csrc/MsDeformAttn/ms_deform_attn_cpu.h:12,
                   from /root/autodl-tmp/Image_Analysis_Workflow/Grounded-Segment-Anything/GroundingDINO/groundingdino/models/GroundingDINO/csrc/MsDeformAttn/ms_deform_attn.h:13,
                   from /root/autodl-tmp/Image_Analysis_Workflow/Grounded-Segment-Anything/GroundingDINO/groundingdino/models/GroundingDINO/csrc/vision.cpp:3:
  /root/autodl-tmp/conda_envs/image_analysis/lib/python3.10/site-packages/torch/include/ATen/core/TensorBody.h:231:30: note: declared here
    231 |   DeprecatedTypeProperties & type() const {
        |                              ^~~~
  [4/4] /usr/local/cuda-12.8/bin/nvcc -MD -MF /tmp/tmpvo0pzgvk.build-temp/root/autodl-tmp/Image_Analysis_Workflow/Grounded-Segment-Anything/GroundingDINO/groundingdino/models/GroundingDINO/csrc/MsDeformAttn/ms_deform_attn_cuda.o.d -DWITH_CUDA -I/root/autodl-tmp/Image_Analysis_Workflow/Grounded-Segment-Anything/GroundingDINO/groundingdino/models/GroundingDINO/csrc -I/root/autodl-tmp/conda_envs/image_analysis/lib/python3.10/site-packages/torch/include -I/root/autodl-tmp/conda_envs/image_analysis/lib/python3.10/site-packages/torch/include/torch/csrc/api/include -I/usr/local/cuda-12.8/include -I/root/autodl-tmp/conda_envs/image_analysis/include/python3.10 -c -c /root/autodl-tmp/Image_Analysis_Workflow/Grounded-Segment-Anything/GroundingDINO/groundingdino/models/GroundingDINO/csrc/MsDeformAttn/ms_deform_attn_cuda.cu -o /tmp/tmpvo0pzgvk.build-temp/root/autodl-tmp/Image_Analysis_Workflow/Grounded-Segment-Anything/GroundingDINO/groundingdino/models/GroundingDINO/csrc/MsDeformAttn/ms_deform_attn_cuda.o -D__CUDA_NO_HALF_OPERATORS__ -D__CUDA_NO_HALF_CONVERSIONS__ -D__CUDA_NO_BFLOAT16_CONVERSIONS__ -D__CUDA_NO_HALF2_OPERATORS__ --expt-relaxed-constexpr --compiler-options ''"'"'-fPIC'"'"'' -DCUDA_HAS_FP16=1 -D__CUDA_NO_HALF_OPERATORS__ -D__CUDA_NO_HALF_CONVERSIONS__ -D__CUDA_NO_HALF2_OPERATORS__ -DTORCH_API_INCLUDE_EXTENSION_H -DTORCH_EXTENSION_NAME=_C -gencode=arch=compute_120,code=compute_120 -gencode=arch=compute_120,code=sm_120 -std=c++17
  /root/autodl-tmp/Image_Analysis_Workflow/Grounded-Segment-Anything/GroundingDINO/groundingdino/models/GroundingDINO/csrc/MsDeformAttn/ms_deform_im2col_cuda.cuh(261): warning #177-D: variable "q_col" was declared but never referenced
        const int q_col = _temp % num_query;
                  ^
            detected during instantiation of "void ms_deformable_im2col_cuda(cudaStream_t, const scalar_t *, const int64_t *, const int64_t *, const scalar_t *, const scalar_t *, int, int, int, int, int, int, int, scalar_t *) [with scalar_t=double]" at line 65 of /root/autodl-tmp/Image_Analysis_Workflow/Grounded-Segment-Anything/GroundingDINO/groundingdino/models/GroundingDINO/csrc/MsDeformAttn/ms_deform_attn_cuda.cu

  Remark: The warnings can be suppressed with "-diag-suppress <warning-number>"

  /root/autodl-tmp/Image_Analysis_Workflow/Grounded-Segment-Anything/GroundingDINO/groundingdino/models/GroundingDINO/csrc/MsDeformAttn/ms_deform_im2col_cuda.cuh(762): warning #177-D: variable "q_col" was declared but never referenced
        const int q_col = _temp % num_query;
                  ^
            detected during instantiation of "void ms_deformable_col2im_cuda(cudaStream_t, const scalar_t *, const scalar_t *, const int64_t *, const int64_t *, const scalar_t *, const scalar_t *, int, int, int, int, int, int, int, scalar_t *, scalar_t *, scalar_t *) [with scalar_t=double]" at line 135 of /root/autodl-tmp/Image_Analysis_Workflow/Grounded-Segment-Anything/GroundingDINO/groundingdino/models/GroundingDINO/csrc/MsDeformAttn/ms_deform_attn_cuda.cu

  /root/autodl-tmp/Image_Analysis_Workflow/Grounded-Segment-Anything/GroundingDINO/groundingdino/models/GroundingDINO/csrc/MsDeformAttn/ms_deform_im2col_cuda.cuh(872): warning #177-D: variable "q_col" was declared but never referenced
        const int q_col = _temp % num_query;
                  ^
            detected during instantiation of "void ms_deformable_col2im_cuda(cudaStream_t, const scalar_t *, const scalar_t *, const int64_t *, const int64_t *, const scalar_t *, const scalar_t *, int, int, int, int, int, int, int, scalar_t *, scalar_t *, scalar_t *) [with scalar_t=double]" at line 135 of /root/autodl-tmp/Image_Analysis_Workflow/Grounded-Segment-Anything/GroundingDINO/groundingdino/models/GroundingDINO/csrc/MsDeformAttn/ms_deform_attn_cuda.cu

  /root/autodl-tmp/Image_Analysis_Workflow/Grounded-Segment-Anything/GroundingDINO/groundingdino/models/GroundingDINO/csrc/MsDeformAttn/ms_deform_im2col_cuda.cuh(331): warning #177-D: variable "q_col" was declared but never referenced
        const int q_col = _temp % num_query;
                  ^
            detected during instantiation of "void ms_deformable_col2im_cuda(cudaStream_t, const scalar_t *, const scalar_t *, const int64_t *, const int64_t *, const scalar_t *, const scalar_t *, int, int, int, int, int, int, int, scalar_t *, scalar_t *, scalar_t *) [with scalar_t=double]" at line 135 of /root/autodl-tmp/Image_Analysis_Workflow/Grounded-Segment-Anything/GroundingDINO/groundingdino/models/GroundingDINO/csrc/MsDeformAttn/ms_deform_attn_cuda.cu

  /root/autodl-tmp/Image_Analysis_Workflow/Grounded-Segment-Anything/GroundingDINO/groundingdino/models/GroundingDINO/csrc/MsDeformAttn/ms_deform_im2col_cuda.cuh(436): warning #177-D: variable "q_col" was declared but never referenced
        const int q_col = _temp % num_query;
                  ^
            detected during instantiation of "void ms_deformable_col2im_cuda(cudaStream_t, const scalar_t *, const scalar_t *, const int64_t *, const int64_t *, const scalar_t *, const scalar_t *, int, int, int, int, int, int, int, scalar_t *, scalar_t *, scalar_t *) [with scalar_t=double]" at line 135 of /root/autodl-tmp/Image_Analysis_Workflow/Grounded-Segment-Anything/GroundingDINO/groundingdino/models/GroundingDINO/csrc/MsDeformAttn/ms_deform_attn_cuda.cu

  /root/autodl-tmp/Image_Analysis_Workflow/Grounded-Segment-Anything/GroundingDINO/groundingdino/models/GroundingDINO/csrc/MsDeformAttn/ms_deform_im2col_cuda.cuh(544): warning #177-D: variable "q_col" was declared but never referenced
        const int q_col = _temp % num_query;
                  ^
            detected during instantiation of "void ms_deformable_col2im_cuda(cudaStream_t, const scalar_t *, const scalar_t *, const int64_t *, const int64_t *, const scalar_t *, const scalar_t *, int, int, int, int, int, int, int, scalar_t *, scalar_t *, scalar_t *) [with scalar_t=double]" at line 135 of /root/autodl-tmp/Image_Analysis_Workflow/Grounded-Segment-Anything/GroundingDINO/groundingdino/models/GroundingDINO/csrc/MsDeformAttn/ms_deform_attn_cuda.cu

  /root/autodl-tmp/Image_Analysis_Workflow/Grounded-Segment-Anything/GroundingDINO/groundingdino/models/GroundingDINO/csrc/MsDeformAttn/ms_deform_im2col_cuda.cuh(649): warning #177-D: variable "q_col" was declared but never referenced
        const int q_col = _temp % num_query;
                  ^
            detected during instantiation of "void ms_deformable_col2im_cuda(cudaStream_t, const scalar_t *, const scalar_t *, const int64_t *, const int64_t *, const scalar_t *, const scalar_t *, int, int, int, int, int, int, int, scalar_t *, scalar_t *, scalar_t *) [with scalar_t=double]" at line 135 of /root/autodl-tmp/Image_Analysis_Workflow/Grounded-Segment-Anything/GroundingDINO/groundingdino/models/GroundingDINO/csrc/MsDeformAttn/ms_deform_attn_cuda.cu

  /root/autodl-tmp/Image_Analysis_Workflow/Grounded-Segment-Anything/GroundingDINO/groundingdino/models/GroundingDINO/csrc/MsDeformAttn/ms_deform_attn_cuda.cu: In function ‘at::Tensor groundingdino::ms_deform_attn_cuda_forward(const at::Tensor&, const at::Tensor&, const at::Tensor&, const at::Tensor&, const at::Tensor&, int)’:
  /root/autodl-tmp/Image_Analysis_Workflow/Grounded-Segment-Anything/GroundingDINO/groundingdino/models/GroundingDINO/csrc/MsDeformAttn/ms_deform_attn_cuda.cu:36:70: warning: ‘at::DeprecatedTypeProperties& at::Tensor::type() const’ is deprecated: Tensor.type() is deprecated. Instead use Tensor.options(), which in many cases (e.g. in a constructor) is a drop-in replacement. If you were using data from type(), that is now available from Tensor itself, so instead of tensor.type().scalar_type(), use tensor.scalar_type() instead and instead of tensor.type().backend() use tensor.device(). [-Wdeprecated-declarations]
     36 |     AT_ASSERTM(spatial_shapes.type().is_cuda(), "spatial_shapes must be a CUDA tensor");
        |                                                   ~~~~~~~~~~~~~~~~~~~^~
  /root/autodl-tmp/conda_envs/image_analysis/lib/python3.10/site-packages/torch/include/ATen/core/TensorBody.h:231:1: note: declared here
    231 |   DeprecatedTypeProperties & type() const {
        | ^ ~~
  /root/autodl-tmp/Image_Analysis_Workflow/Grounded-Segment-Anything/GroundingDINO/groundingdino/models/GroundingDINO/csrc/MsDeformAttn/ms_deform_attn_cuda.cu:37:73: warning: ‘at::DeprecatedTypeProperties& at::Tensor::type() const’ is deprecated: Tensor.type() is deprecated. Instead use Tensor.options(), which in many cases (e.g. in a constructor) is a drop-in replacement. If you were using data from type(), that is now available from Tensor itself, so instead of tensor.type().scalar_type(), use tensor.scalar_type() instead and instead of tensor.type().backend() use tensor.device(). [-Wdeprecated-declarations]
     37 |     AT_ASSERTM(level_start_index.type().is_cuda(), "level_start_index must be a CUDA tensor");
        |                                                   ~~~~~~~~~~~~~~~~~~~~~~^~
  /root/autodl-tmp/conda_envs/image_analysis/lib/python3.10/site-packages/torch/include/ATen/core/TensorBody.h:231:1: note: declared here
    231 |   DeprecatedTypeProperties & type() const {
        | ^ ~~
  /root/autodl-tmp/Image_Analysis_Workflow/Grounded-Segment-Anything/GroundingDINO/groundingdino/models/GroundingDINO/csrc/MsDeformAttn/ms_deform_attn_cuda.cu:38:68: warning: ‘at::DeprecatedTypeProperties& at::Tensor::type() const’ is deprecated: Tensor.type() is deprecated. Instead use Tensor.options(), which in many cases (e.g. in a constructor) is a drop-in replacement. If you were using data from type(), that is now available from Tensor itself, so instead of tensor.type().scalar_type(), use tensor.scalar_type() instead and instead of tensor.type().backend() use tensor.device(). [-Wdeprecated-declarations]
     38 |     AT_ASSERTM(sampling_loc.type().is_cuda(), "sampling_loc must be a CUDA tensor");
        |                                                   ~~~~~~~~~~~~~~~~~^~
  /root/autodl-tmp/conda_envs/image_analysis/lib/python3.10/site-packages/torch/include/ATen/core/TensorBody.h:231:1: note: declared here
    231 |   DeprecatedTypeProperties & type() const {
        | ^ ~~
  /root/autodl-tmp/Image_Analysis_Workflow/Grounded-Segment-Anything/GroundingDINO/groundingdino/models/GroundingDINO/csrc/MsDeformAttn/ms_deform_attn_cuda.cu:39:67: warning: ‘at::DeprecatedTypeProperties& at::Tensor::type() const’ is deprecated: Tensor.type() is deprecated. Instead use Tensor.options(), which in many cases (e.g. in a constructor) is a drop-in replacement. If you were using data from type(), that is now available from Tensor itself, so instead of tensor.type().scalar_type(), use tensor.scalar_type() instead and instead of tensor.type().backend() use tensor.device(). [-Wdeprecated-declarations]
     39 |     AT_ASSERTM(attn_weight.type().is_cuda(), "attn_weight must be a CUDA tensor");
        |                                                   ~~~~~~~~~~~~~~~~^~
  /root/autodl-tmp/conda_envs/image_analysis/lib/python3.10/site-packages/torch/include/ATen/core/TensorBody.h:231:1: note: declared here
    231 |   DeprecatedTypeProperties & type() const {
        | ^ ~~
  /root/autodl-tmp/Image_Analysis_Workflow/Grounded-Segment-Anything/GroundingDINO/groundingdino/models/GroundingDINO/csrc/MsDeformAttn/ms_deform_attn_cuda.cu: In lambda function:
  /root/autodl-tmp/Image_Analysis_Workflow/Grounded-Segment-Anything/GroundingDINO/groundingdino/models/GroundingDINO/csrc/MsDeformAttn/ms_deform_attn_cuda.cu:65:881: warning: ‘T* at::Tensor::data() const [with T = double]’ is deprecated: Tensor.data<T>() is deprecated. Please use Tensor.data_ptr<T>() instead. [-Wdeprecated-declarations]
     65 |         AT_DISPATCH_FLOATING_TYPES(value.scalar_type(), "ms_deform_attn_forward_cuda", ([&] {
        |                                                                                                                                                                                                                                                                                                                                                                                                                                                                                                                                                                                                                                                                                                                                                                                                                                                                                                                 ^
  /root/autodl-tmp/conda_envs/image_analysis/lib/python3.10/site-packages/torch/include/ATen/core/TensorBody.h:253:1: note: declared here
    253 |   T * data() const {
        | ^ ~~
  /root/autodl-tmp/Image_Analysis_Workflow/Grounded-Segment-Anything/GroundingDINO/groundingdino/models/GroundingDINO/csrc/MsDeformAttn/ms_deform_attn_cuda.cu:65:967: warning: ‘T* at::Tensor::data() const [with T = long int]’ is deprecated: Tensor.data<T>() is deprecated. Please use Tensor.data_ptr<T>() instead. [-Wdeprecated-declarations]
     65 |         AT_DISPATCH_FLOATING_TYPES(value.scalar_type(), "ms_deform_attn_forward_cuda", ([&] {
        |                                                                                                                                                                                                                                                                                                                                                                                                                                                                                                                                                                                                                                                                                                                                                                                                                                                                                                                                                                                                       ^
  /root/autodl-tmp/conda_envs/image_analysis/lib/python3.10/site-packages/torch/include/ATen/core/TensorBody.h:253:1: note: declared here
    253 |   T * data() const {
        | ^ ~~
  /root/autodl-tmp/Image_Analysis_Workflow/Grounded-Segment-Anything/GroundingDINO/groundingdino/models/GroundingDINO/csrc/MsDeformAttn/ms_deform_attn_cuda.cu:65:1010: warning: ‘T* at::Tensor::data() const [with T = long int]’ is deprecated: Tensor.data<T>() is deprecated. Please use Tensor.data_ptr<T>() instead. [-Wdeprecated-declarations]
     65 |         AT_DISPATCH_FLOATING_TYPES(value.scalar_type(), "ms_deform_attn_forward_cuda", ([&] {
        |                                                                                                                                                                                                                                                                                                                                                                                                                                                                                                                                                                                                                                                                                                                                                                                                                                                                                                                                                                                                                                                  ^
  /root/autodl-tmp/conda_envs/image_analysis/lib/python3.10/site-packages/torch/include/ATen/core/TensorBody.h:253:1: note: declared here
    253 |   T * data() const {
        | ^ ~~
  /root/autodl-tmp/Image_Analysis_Workflow/Grounded-Segment-Anything/GroundingDINO/groundingdino/models/GroundingDINO/csrc/MsDeformAttn/ms_deform_attn_cuda.cu:65:1043: warning: ‘T* at::Tensor::data() const [with T = double]’ is deprecated: Tensor.data<T>() is deprecated. Please use Tensor.data_ptr<T>() instead. [-Wdeprecated-declarations]
     65 |         AT_DISPATCH_FLOATING_TYPES(value.scalar_type(), "ms_deform_attn_forward_cuda", ([&] {
        |                                                                                                                                                                                                                                                                                                                                                                                                                                                                                                                                                                                                                                                                                                                                                                                                                                                                                                                                                                                                                                                                                   ^
  /root/autodl-tmp/conda_envs/image_analysis/lib/python3.10/site-packages/torch/include/ATen/core/TensorBody.h:253:1: note: declared here
    253 |   T * data() const {
        | ^ ~~
  /root/autodl-tmp/Image_Analysis_Workflow/Grounded-Segment-Anything/GroundingDINO/groundingdino/models/GroundingDINO/csrc/MsDeformAttn/ms_deform_attn_cuda.cu:65:1126: warning: ‘T* at::Tensor::data() const [with T = double]’ is deprecated: Tensor.data<T>() is deprecated. Please use Tensor.data_ptr<T>() instead. [-Wdeprecated-declarations]
     65 |         AT_DISPATCH_FLOATING_TYPES(value.scalar_type(), "ms_deform_attn_forward_cuda", ([&] {
        |                                                                                                                                                                                                                                                                                                                                                                                                                                                                                                                                                                                                                                                                                                                                                                                                                                                                                                                                                                                                                                                                                                                                                                      ^
  /root/autodl-tmp/conda_envs/image_analysis/lib/python3.10/site-packages/torch/include/ATen/core/TensorBody.h:253:1: note: declared here
    253 |   T * data() const {
        | ^ ~~
  /root/autodl-tmp/Image_Analysis_Workflow/Grounded-Segment-Anything/GroundingDINO/groundingdino/models/GroundingDINO/csrc/MsDeformAttn/ms_deform_attn_cuda.cu:65:1284: warning: ‘T* at::Tensor::data() const [with T = double]’ is deprecated: Tensor.data<T>() is deprecated. Please use Tensor.data_ptr<T>() instead. [-Wdeprecated-declarations]
     65 |         AT_DISPATCH_FLOATING_TYPES(value.scalar_type(), "ms_deform_attn_forward_cuda", ([&] {
        |                                                                                                                                                                                                                                                                                                                                                                                                                                                                                                                                                                                                                                                                                                                                                                                                                                                                                                                                                                                                                                                                                                                                                                                                                                                                                                                                    ^
  /root/autodl-tmp/conda_envs/image_analysis/lib/python3.10/site-packages/torch/include/ATen/core/TensorBody.h:253:1: note: declared here
    253 |   T * data() const {
        | ^ ~~
  /root/autodl-tmp/Image_Analysis_Workflow/Grounded-Segment-Anything/GroundingDINO/groundingdino/models/GroundingDINO/csrc/MsDeformAttn/ms_deform_attn_cuda.cu: In lambda function:
  /root/autodl-tmp/Image_Analysis_Workflow/Grounded-Segment-Anything/GroundingDINO/groundingdino/models/GroundingDINO/csrc/MsDeformAttn/ms_deform_attn_cuda.cu:65:2158: warning: ‘T* at::Tensor::data() const [with T = float]’ is deprecated: Tensor.data<T>() is deprecated. Please use Tensor.data_ptr<T>() instead. [-Wdeprecated-declarations]
     65 |         AT_DISPATCH_FLOATING_TYPES(value.scalar_type(), "ms_deform_attn_forward_cuda", ([&] {
        |                                                                                                                                                                                                                                                                                                                                                                                                                                                                                                                                                                                                                                                                                                                                                                                                                                                                                                                                                                                                                                                                                                                                                                                                                                                                                                                                                                                                                                                                                                                                                                                                                                                                                                                                                                                                                                                                                                                                                                                                                                                                                                                                                                                                                                              ^
  /root/autodl-tmp/conda_envs/image_analysis/lib/python3.10/site-packages/torch/include/ATen/core/TensorBody.h:253:1: note: declared here
    253 |   T * data() const {
        | ^ ~~
  /root/autodl-tmp/Image_Analysis_Workflow/Grounded-Segment-Anything/GroundingDINO/groundingdino/models/GroundingDINO/csrc/MsDeformAttn/ms_deform_attn_cuda.cu:65:2244: warning: ‘T* at::Tensor::data() const [with T = long int]’ is deprecated: Tensor.data<T>() is deprecated. Please use Tensor.data_ptr<T>() instead. [-Wdeprecated-declarations]
     65 |         AT_DISPATCH_FLOATING_TYPES(value.scalar_type(), "ms_deform_attn_forward_cuda", ([&] {
        |                                                                                                                                                                                                                                                                                                                                                                                                                                                                                                                                                                                                                                                                                                                                                                                                                                                                                                                                                                                                                                                                                                                                                                                                                                                                                                                                                                                                                                                                                                                                                                                                                                                                                                                                                                                                                                                                                                                                                                                                                                                                                                                                                                                                                                                                                                                                    ^
  /root/autodl-tmp/conda_envs/image_analysis/lib/python3.10/site-packages/torch/include/ATen/core/TensorBody.h:253:1: note: declared here
    253 |   T * data() const {
        | ^ ~~
  /root/autodl-tmp/Image_Analysis_Workflow/Grounded-Segment-Anything/GroundingDINO/groundingdino/models/GroundingDINO/csrc/MsDeformAttn/ms_deform_attn_cuda.cu:65:2287: warning: ‘T* at::Tensor::data() const [with T = long int]’ is deprecated: Tensor.data<T>() is deprecated. Please use Tensor.data_ptr<T>() instead. [-Wdeprecated-declarations]
     65 |         AT_DISPATCH_FLOATING_TYPES(value.scalar_type(), "ms_deform_attn_forward_cuda", ([&] {
        |                                                                                                                                                                                                                                                                                                                                                                                                                                                                                                                                                                                                                                                                                                                                                                                                                                                                                                                                                                                                                                                                                                                                                                                                                                                                                                                                                                                                                                                                                                                                                                                                                                                                                                                                                                                                                                                                                                                                                                                                                                                                                                                                                                                                                                                                                                                                                                               ^
  /root/autodl-tmp/conda_envs/image_analysis/lib/python3.10/site-packages/torch/include/ATen/core/TensorBody.h:253:1: note: declared here
    253 |   T * data() const {
        | ^ ~~
  /root/autodl-tmp/Image_Analysis_Workflow/Grounded-Segment-Anything/GroundingDINO/groundingdino/models/GroundingDINO/csrc/MsDeformAttn/ms_deform_attn_cuda.cu:65:2319: warning: ‘T* at::Tensor::data() const [with T = float]’ is deprecated: Tensor.data<T>() is deprecated. Please use Tensor.data_ptr<T>() instead. [-Wdeprecated-declarations]
     65 |         AT_DISPATCH_FLOATING_TYPES(value.scalar_type(), "ms_deform_attn_forward_cuda", ([&] {
        |                                                                                                                                                                                                                                                                                                                                                                                                                                                                                                                                                                                                                                                                                                                                                                                                                                                                                                                                                                                                                                                                                                                                                                                                                                                                                                                                                                                                                                                                                                                                                                                                                                                                                                                                                                                                                                                                                                                                                                                                                                                                                                                                                                                                                                                                                                                                                                                                               ^
  /root/autodl-tmp/conda_envs/image_analysis/lib/python3.10/site-packages/torch/include/ATen/core/TensorBody.h:253:1: note: declared here
    253 |   T * data() const {
        | ^ ~~
  /root/autodl-tmp/Image_Analysis_Workflow/Grounded-Segment-Anything/GroundingDINO/groundingdino/models/GroundingDINO/csrc/MsDeformAttn/ms_deform_attn_cuda.cu:65:2401: warning: ‘T* at::Tensor::data() const [with T = float]’ is deprecated: Tensor.data<T>() is deprecated. Please use Tensor.data_ptr<T>() instead. [-Wdeprecated-declarations]
     65 |         AT_DISPATCH_FLOATING_TYPES(value.scalar_type(), "ms_deform_attn_forward_cuda", ([&] {
        |                                                                                                                                                                                                                                                                                                                                                                                                                                                                                                                                                                                                                                                                                                                                                                                                                                                                                                                                                                                                                                                                                                                                                                                                                                                                                                                                                                                                                                                                                                                                                                                                                                                                                                                                                                                                                                                                                                                                                                                                                                                                                                                                                                                                                                                                                                                                                                                                                                                                                                 ^
  /root/autodl-tmp/conda_envs/image_analysis/lib/python3.10/site-packages/torch/include/ATen/core/TensorBody.h:253:1: note: declared here
    253 |   T * data() const {
        | ^ ~~
  /root/autodl-tmp/Image_Analysis_Workflow/Grounded-Segment-Anything/GroundingDINO/groundingdino/models/GroundingDINO/csrc/MsDeformAttn/ms_deform_attn_cuda.cu:65:2558: warning: ‘T* at::Tensor::data() const [with T = float]’ is deprecated: Tensor.data<T>() is deprecated. Please use Tensor.data_ptr<T>() instead. [-Wdeprecated-declarations]
     65 |         AT_DISPATCH_FLOATING_TYPES(value.scalar_type(), "ms_deform_attn_forward_cuda", ([&] {
        |                                                                                                                                                                                                                                                                                                                                                                                                                                                                                                                                                                                                                                                                                                                                                                                                                                                                                                                                                                                                                                                                                                                                                                                                                                                                                                                                                                                                                                                                                                                                                                                                                                                                                                                                                                                                                                                                                                                                                                                                                                                                                                                                                                                                                                                                                                                                                                                                                                                                                                                                                                                                                                                              ^
  /root/autodl-tmp/conda_envs/image_analysis/lib/python3.10/site-packages/torch/include/ATen/core/TensorBody.h:253:1: note: declared here
    253 |   T * data() const {
        | ^ ~~
  /root/autodl-tmp/Image_Analysis_Workflow/Grounded-Segment-Anything/GroundingDINO/groundingdino/models/GroundingDINO/csrc/MsDeformAttn/ms_deform_attn_cuda.cu: In function ‘std::vector<at::Tensor> groundingdino::ms_deform_attn_cuda_backward(const at::Tensor&, const at::Tensor&, const at::Tensor&, const at::Tensor&, const at::Tensor&, const at::Tensor&, int)’:
  /root/autodl-tmp/Image_Analysis_Workflow/Grounded-Segment-Anything/GroundingDINO/groundingdino/models/GroundingDINO/csrc/MsDeformAttn/ms_deform_attn_cuda.cu:102:70: warning: ‘at::DeprecatedTypeProperties& at::Tensor::type() const’ is deprecated: Tensor.type() is deprecated. Instead use Tensor.options(), which in many cases (e.g. in a constructor) is a drop-in replacement. If you were using data from type(), that is now available from Tensor itself, so instead of tensor.type().scalar_type(), use tensor.scalar_type() instead and instead of tensor.type().backend() use tensor.device(). [-Wdeprecated-declarations]
    102 |     AT_ASSERTM(spatial_shapes.type().is_cuda(), "spatial_shapes must be a CUDA tensor");
        |                                                   ~~~~~~~~~~~~~~~~~~~^~
  /root/autodl-tmp/conda_envs/image_analysis/lib/python3.10/site-packages/torch/include/ATen/core/TensorBody.h:231:1: note: declared here
    231 |   DeprecatedTypeProperties & type() const {
        | ^ ~~
  /root/autodl-tmp/Image_Analysis_Workflow/Grounded-Segment-Anything/GroundingDINO/groundingdino/models/GroundingDINO/csrc/MsDeformAttn/ms_deform_attn_cuda.cu:103:73: warning: ‘at::DeprecatedTypeProperties& at::Tensor::type() const’ is deprecated: Tensor.type() is deprecated. Instead use Tensor.options(), which in many cases (e.g. in a constructor) is a drop-in replacement. If you were using data from type(), that is now available from Tensor itself, so instead of tensor.type().scalar_type(), use tensor.scalar_type() instead and instead of tensor.type().backend() use tensor.device(). [-Wdeprecated-declarations]
    103 |     AT_ASSERTM(level_start_index.type().is_cuda(), "level_start_index must be a CUDA tensor");
        |                                                   ~~~~~~~~~~~~~~~~~~~~~~^~
  /root/autodl-tmp/conda_envs/image_analysis/lib/python3.10/site-packages/torch/include/ATen/core/TensorBody.h:231:1: note: declared here
    231 |   DeprecatedTypeProperties & type() const {
        | ^ ~~
  /root/autodl-tmp/Image_Analysis_Workflow/Grounded-Segment-Anything/GroundingDINO/groundingdino/models/GroundingDINO/csrc/MsDeformAttn/ms_deform_attn_cuda.cu:104:68: warning: ‘at::DeprecatedTypeProperties& at::Tensor::type() const’ is deprecated: Tensor.type() is deprecated. Instead use Tensor.options(), which in many cases (e.g. in a constructor) is a drop-in replacement. If you were using data from type(), that is now available from Tensor itself, so instead of tensor.type().scalar_type(), use tensor.scalar_type() instead and instead of tensor.type().backend() use tensor.device(). [-Wdeprecated-declarations]
    104 |     AT_ASSERTM(sampling_loc.type().is_cuda(), "sampling_loc must be a CUDA tensor");
        |                                                   ~~~~~~~~~~~~~~~~~^~
  /root/autodl-tmp/conda_envs/image_analysis/lib/python3.10/site-packages/torch/include/ATen/core/TensorBody.h:231:1: note: declared here
    231 |   DeprecatedTypeProperties & type() const {
        | ^ ~~
  /root/autodl-tmp/Image_Analysis_Workflow/Grounded-Segment-Anything/GroundingDINO/groundingdino/models/GroundingDINO/csrc/MsDeformAttn/ms_deform_attn_cuda.cu:105:67: warning: ‘at::DeprecatedTypeProperties& at::Tensor::type() const’ is deprecated: Tensor.type() is deprecated. Instead use Tensor.options(), which in many cases (e.g. in a constructor) is a drop-in replacement. If you were using data from type(), that is now available from Tensor itself, so instead of tensor.type().scalar_type(), use tensor.scalar_type() instead and instead of tensor.type().backend() use tensor.device(). [-Wdeprecated-declarations]
    105 |     AT_ASSERTM(attn_weight.type().is_cuda(), "attn_weight must be a CUDA tensor");
        |                                                   ~~~~~~~~~~~~~~~~^~
  /root/autodl-tmp/conda_envs/image_analysis/lib/python3.10/site-packages/torch/include/ATen/core/TensorBody.h:231:1: note: declared here
    231 |   DeprecatedTypeProperties & type() const {
        | ^ ~~
  /root/autodl-tmp/Image_Analysis_Workflow/Grounded-Segment-Anything/GroundingDINO/groundingdino/models/GroundingDINO/csrc/MsDeformAttn/ms_deform_attn_cuda.cu:106:67: warning: ‘at::DeprecatedTypeProperties& at::Tensor::type() const’ is deprecated: Tensor.type() is deprecated. Instead use Tensor.options(), which in many cases (e.g. in a constructor) is a drop-in replacement. If you were using data from type(), that is now available from Tensor itself, so instead of tensor.type().scalar_type(), use tensor.scalar_type() instead and instead of tensor.type().backend() use tensor.device(). [-Wdeprecated-declarations]
    106 |     AT_ASSERTM(grad_output.type().is_cuda(), "grad_output must be a CUDA tensor");
        |                                                   ~~~~~~~~~~~~~~~~^~
  /root/autodl-tmp/conda_envs/image_analysis/lib/python3.10/site-packages/torch/include/ATen/core/TensorBody.h:231:1: note: declared here
    231 |   DeprecatedTypeProperties & type() const {
        | ^ ~~
  /root/autodl-tmp/Image_Analysis_Workflow/Grounded-Segment-Anything/GroundingDINO/groundingdino/models/GroundingDINO/csrc/MsDeformAttn/ms_deform_attn_cuda.cu: In lambda function:
  /root/autodl-tmp/Image_Analysis_Workflow/Grounded-Segment-Anything/GroundingDINO/groundingdino/models/GroundingDINO/csrc/MsDeformAttn/ms_deform_attn_cuda.cu:135:890: warning: ‘T* at::Tensor::data() const [with T = double]’ is deprecated: Tensor.data<T>() is deprecated. Please use Tensor.data_ptr<T>() instead. [-Wdeprecated-declarations]
    135 |         AT_DISPATCH_FLOATING_TYPES(value.scalar_type(), "ms_deform_attn_backward_cuda", ([&] {
        |                                                                                                                                                                                                                                                                                                                                                                                                                                                                                                                                                                                                                                                                                                                                                                                                                                                                                                                          ^
  /root/autodl-tmp/conda_envs/image_analysis/lib/python3.10/site-packages/torch/include/ATen/core/TensorBody.h:253:1: note: declared here
    253 |   T * data() const {
        | ^ ~~
  /root/autodl-tmp/Image_Analysis_Workflow/Grounded-Segment-Anything/GroundingDINO/groundingdino/models/GroundingDINO/csrc/MsDeformAttn/ms_deform_attn_cuda.cu:135:916: warning: ‘T* at::Tensor::data() const [with T = double]’ is deprecated: Tensor.data<T>() is deprecated. Please use Tensor.data_ptr<T>() instead. [-Wdeprecated-declarations]
    135 |         AT_DISPATCH_FLOATING_TYPES(value.scalar_type(), "ms_deform_attn_backward_cuda", ([&] {
        |                                                                                                                                                                                                                                                                                                                                                                                                                                                                                                                                                                                                                                                                                                                                                                                                                                                                                                                                                    ^
  /root/autodl-tmp/conda_envs/image_analysis/lib/python3.10/site-packages/torch/include/ATen/core/TensorBody.h:253:1: note: declared here
    253 |   T * data() const {
        | ^ ~~
  /root/autodl-tmp/Image_Analysis_Workflow/Grounded-Segment-Anything/GroundingDINO/groundingdino/models/GroundingDINO/csrc/MsDeformAttn/ms_deform_attn_cuda.cu:135:1002: warning: ‘T* at::Tensor::data() const [with T = long int]’ is deprecated: Tensor.data<T>() is deprecated. Please use Tensor.data_ptr<T>() instead. [-Wdeprecated-declarations]
    135 |         AT_DISPATCH_FLOATING_TYPES(value.scalar_type(), "ms_deform_attn_backward_cuda", ([&] {
        |                                                                                                                                                                                                                                                                                                                                                                                                                                                                                                                                                                                                                                                                                                                                                                                                                                                                                                                                                                                                                                          ^
  /root/autodl-tmp/conda_envs/image_analysis/lib/python3.10/site-packages/torch/include/ATen/core/TensorBody.h:253:1: note: declared here
    253 |   T * data() const {
        | ^ ~~
  /root/autodl-tmp/Image_Analysis_Workflow/Grounded-Segment-Anything/GroundingDINO/groundingdino/models/GroundingDINO/csrc/MsDeformAttn/ms_deform_attn_cuda.cu:135:1045: warning: ‘T* at::Tensor::data() const [with T = long int]’ is deprecated: Tensor.data<T>() is deprecated. Please use Tensor.data_ptr<T>() instead. [-Wdeprecated-declarations]
    135 |         AT_DISPATCH_FLOATING_TYPES(value.scalar_type(), "ms_deform_attn_backward_cuda", ([&] {
        |                                                                                                                                                                                                                                                                                                                                                                                                                                                                                                                                                                                                                                                                                                                                                                                                                                                                                                                                                                                                                                                                                     ^
  /root/autodl-tmp/conda_envs/image_analysis/lib/python3.10/site-packages/torch/include/ATen/core/TensorBody.h:253:1: note: declared here
    253 |   T * data() const {
        | ^ ~~
  /root/autodl-tmp/Image_Analysis_Workflow/Grounded-Segment-Anything/GroundingDINO/groundingdino/models/GroundingDINO/csrc/MsDeformAttn/ms_deform_attn_cuda.cu:135:1078: warning: ‘T* at::Tensor::data() const [with T = double]’ is deprecated: Tensor.data<T>() is deprecated. Please use Tensor.data_ptr<T>() instead. [-Wdeprecated-declarations]
    135 |         AT_DISPATCH_FLOATING_TYPES(value.scalar_type(), "ms_deform_attn_backward_cuda", ([&] {
        |                                                                                                                                                                                                                                                                                                                                                                                                                                                                                                                                                                                                                                                                                                                                                                                                                                                                                                                                                                                                                                                                                                                      ^
  /root/autodl-tmp/conda_envs/image_analysis/lib/python3.10/site-packages/torch/include/ATen/core/TensorBody.h:253:1: note: declared here
    253 |   T * data() const {
        | ^ ~~
  /root/autodl-tmp/Image_Analysis_Workflow/Grounded-Segment-Anything/GroundingDINO/groundingdino/models/GroundingDINO/csrc/MsDeformAttn/ms_deform_attn_cuda.cu:135:1161: warning: ‘T* at::Tensor::data() const [with T = double]’ is deprecated: Tensor.data<T>() is deprecated. Please use Tensor.data_ptr<T>() instead. [-Wdeprecated-declarations]
    135 |         AT_DISPATCH_FLOATING_TYPES(value.scalar_type(), "ms_deform_attn_backward_cuda", ([&] {
        |                                                                                                                                                                                                                                                                                                                                                                                                                                                                                                                                                                                                                                                                                                                                                                                                                                                                                                                                                                                                                                                                                                                                                                                                         ^
  /root/autodl-tmp/conda_envs/image_analysis/lib/python3.10/site-packages/torch/include/ATen/core/TensorBody.h:253:1: note: declared here
    253 |   T * data() const {
        | ^ ~~
  /root/autodl-tmp/Image_Analysis_Workflow/Grounded-Segment-Anything/GroundingDINO/groundingdino/models/GroundingDINO/csrc/MsDeformAttn/ms_deform_attn_cuda.cu:135:1322: warning: ‘T* at::Tensor::data() const [with T = double]’ is deprecated: Tensor.data<T>() is deprecated. Please use Tensor.data_ptr<T>() instead. [-Wdeprecated-declarations]
    135 |         AT_DISPATCH_FLOATING_TYPES(value.scalar_type(), "ms_deform_attn_backward_cuda", ([&] {
        |                                                                                                                                                                                                                                                                                                                                                                                                                                                                                                                                                                                                                                                                                                                                                                                                                                                                                                                                                                                                                                                                                                                                                                                                                                                                                                                                                                          ^
  /root/autodl-tmp/conda_envs/image_analysis/lib/python3.10/site-packages/torch/include/ATen/core/TensorBody.h:253:1: note: declared here
    253 |   T * data() const {
        | ^ ~~
  /root/autodl-tmp/Image_Analysis_Workflow/Grounded-Segment-Anything/GroundingDINO/groundingdino/models/GroundingDINO/csrc/MsDeformAttn/ms_deform_attn_cuda.cu:135:1406: warning: ‘T* at::Tensor::data() const [with T = double]’ is deprecated: Tensor.data<T>() is deprecated. Please use Tensor.data_ptr<T>() instead. [-Wdeprecated-declarations]
    135 |         AT_DISPATCH_FLOATING_TYPES(value.scalar_type(), "ms_deform_attn_backward_cuda", ([&] {
        |                                                                                                                                                                                                                                                                                                                                                                                                                                                                                                                                                                                                                                                                                                                                                                                                                                                                                                                                                                                                                                                                                                                                                                                                                                                                                                                                                                                                                                                              ^
  /root/autodl-tmp/conda_envs/image_analysis/lib/python3.10/site-packages/torch/include/ATen/core/TensorBody.h:253:1: note: declared here
    253 |   T * data() const {
        | ^ ~~
  /root/autodl-tmp/Image_Analysis_Workflow/Grounded-Segment-Anything/GroundingDINO/groundingdino/models/GroundingDINO/csrc/MsDeformAttn/ms_deform_attn_cuda.cu:135:1494: warning: ‘T* at::Tensor::data() const [with T = double]’ is deprecated: Tensor.data<T>() is deprecated. Please use Tensor.data_ptr<T>() instead. [-Wdeprecated-declarations]
    135 |         AT_DISPATCH_FLOATING_TYPES(value.scalar_type(), "ms_deform_attn_backward_cuda", ([&] {
        |                                                                                                                                                                                                                                                                                                                                                                                                                                                                                                                                                                                                                                                                                                                                                                                                                                                                                                                                                                                                                                                                                                                                                                                                                                                                                                                                                                                                                                                                                                                                                      ^
  /root/autodl-tmp/conda_envs/image_analysis/lib/python3.10/site-packages/torch/include/ATen/core/TensorBody.h:253:1: note: declared here
    253 |   T * data() const {
        | ^ ~~
  /root/autodl-tmp/Image_Analysis_Workflow/Grounded-Segment-Anything/GroundingDINO/groundingdino/models/GroundingDINO/csrc/MsDeformAttn/ms_deform_attn_cuda.cu: In lambda function:
  /root/autodl-tmp/Image_Analysis_Workflow/Grounded-Segment-Anything/GroundingDINO/groundingdino/models/GroundingDINO/csrc/MsDeformAttn/ms_deform_attn_cuda.cu:135:2429: warning: ‘T* at::Tensor::data() const [with T = float]’ is deprecated: Tensor.data<T>() is deprecated. Please use Tensor.data_ptr<T>() instead. [-Wdeprecated-declarations]
    135 |         AT_DISPATCH_FLOATING_TYPES(value.scalar_type(), "ms_deform_attn_backward_cuda", ([&] {
        |                                                                                                                                                                                                                                                                                                                                                                                                                                                                                                                                                                                                                                                                                                                                                                                                                                                                                                                                                                                                                                                                                                                                                                                                                                                                                                                                                                                                                                                                                                                                                                                                                                                                                                                                                                                                                                                                                                                                                                                                                                                                                                                                                                                                                                                                                                                                                                                                                                                                                                                             ^
  /root/autodl-tmp/conda_envs/image_analysis/lib/python3.10/site-packages/torch/include/ATen/core/TensorBody.h:253:1: note: declared here
    253 |   T * data() const {
        | ^ ~~
  /root/autodl-tmp/Image_Analysis_Workflow/Grounded-Segment-Anything/GroundingDINO/groundingdino/models/GroundingDINO/csrc/MsDeformAttn/ms_deform_attn_cuda.cu:135:2454: warning: ‘T* at::Tensor::data() const [with T = float]’ is deprecated: Tensor.data<T>() is deprecated. Please use Tensor.data_ptr<T>() instead. [-Wdeprecated-declarations]
    135 |         AT_DISPATCH_FLOATING_TYPES(value.scalar_type(), "ms_deform_attn_backward_cuda", ([&] {
        |                                                                                                                                                                                                                                                                                                                                                                                                                                                                                                                                                                                                                                                                                                                                                                                                                                                                                                                                                                                                                                                                                                                                                                                                                                                                                                                                                                                                                                                                                                                                                                                                                                                                                                                                                                                                                                                                                                                                                                                                                                                                                                                                                                                                                                                                                                                                                                                                                                                                                                                                                      ^
  /root/autodl-tmp/conda_envs/image_analysis/lib/python3.10/site-packages/torch/include/ATen/core/TensorBody.h:253:1: note: declared here
    253 |   T * data() const {
        | ^ ~~
  /root/autodl-tmp/Image_Analysis_Workflow/Grounded-Segment-Anything/GroundingDINO/groundingdino/models/GroundingDINO/csrc/MsDeformAttn/ms_deform_attn_cuda.cu:135:2540: warning: ‘T* at::Tensor::data() const [with T = long int]’ is deprecated: Tensor.data<T>() is deprecated. Please use Tensor.data_ptr<T>() instead. [-Wdeprecated-declarations]
    135 |         AT_DISPATCH_FLOATING_TYPES(value.scalar_type(), "ms_deform_attn_backward_cuda", ([&] {
        |                                                                                                                                                                                                                                                                                                                                                                                                                                                                                                                                                                                                                                                                                                                                                                                                                                                                                                                                                                                                                                                                                                                                                                                                                                                                                                                                                                                                                                                                                                                                                                                                                                                                                                                                                                                                                                                                                                                                                                                                                                                                                                                                                                                                                                                                                                                                                                                                                                                                                                                                                                                                                                            ^
  /root/autodl-tmp/conda_envs/image_analysis/lib/python3.10/site-packages/torch/include/ATen/core/TensorBody.h:253:1: note: declared here
    253 |   T * data() const {
        | ^ ~~
  /root/autodl-tmp/Image_Analysis_Workflow/Grounded-Segment-Anything/GroundingDINO/groundingdino/models/GroundingDINO/csrc/MsDeformAttn/ms_deform_attn_cuda.cu:135:2583: warning: ‘T* at::Tensor::data() const [with T = long int]’ is deprecated: Tensor.data<T>() is deprecated. Please use Tensor.data_ptr<T>() instead. [-Wdeprecated-declarations]
    135 |         AT_DISPATCH_FLOATING_TYPES(value.scalar_type(), "ms_deform_attn_backward_cuda", ([&] {
        |                                                                                                                                                                                                                                                                                                                                                                                                                                                                                                                                                                                                                                                                                                                                                                                                                                                                                                                                                                                                                                                                                                                                                                                                                                                                                                                                                                                                                                                                                                                                                                                                                                                                                                                                                                                                                                                                                                                                                                                                                                                                                                                                                                                                                                                                                                                                                                                                                                                                                                                                                                                                                                                                                       ^
  /root/autodl-tmp/conda_envs/image_analysis/lib/python3.10/site-packages/torch/include/ATen/core/TensorBody.h:253:1: note: declared here
    253 |   T * data() const {
        | ^ ~~
  /root/autodl-tmp/Image_Analysis_Workflow/Grounded-Segment-Anything/GroundingDINO/groundingdino/models/GroundingDINO/csrc/MsDeformAttn/ms_deform_attn_cuda.cu:135:2615: warning: ‘T* at::Tensor::data() const [with T = float]’ is deprecated: Tensor.data<T>() is deprecated. Please use Tensor.data_ptr<T>() instead. [-Wdeprecated-declarations]
    135 |         AT_DISPATCH_FLOATING_TYPES(value.scalar_type(), "ms_deform_attn_backward_cuda", ([&] {
        |                                                                                                                                                                                                                                                                                                                                                                                                                                                                                                                                                                                                                                                                                                                                                                                                                                                                                                                                                                                                                                                                                                                                                                                                                                                                                                                                                                                                                                                                                                                                                                                                                                                                                                                                                                                                                                                                                                                                                                                                                                                                                                                                                                                                                                                                                                                                                                                                                                                                                                                                                                                                                                                                                                                       ^
  /root/autodl-tmp/conda_envs/image_analysis/lib/python3.10/site-packages/torch/include/ATen/core/TensorBody.h:253:1: note: declared here
    253 |   T * data() const {
        | ^ ~~
  /root/autodl-tmp/Image_Analysis_Workflow/Grounded-Segment-Anything/GroundingDINO/groundingdino/models/GroundingDINO/csrc/MsDeformAttn/ms_deform_attn_cuda.cu:135:2697: warning: ‘T* at::Tensor::data() const [with T = float]’ is deprecated: Tensor.data<T>() is deprecated. Please use Tensor.data_ptr<T>() instead. [-Wdeprecated-declarations]
    135 |         AT_DISPATCH_FLOATING_TYPES(value.scalar_type(), "ms_deform_attn_backward_cuda", ([&] {
        |                                                                                                                                                                                                                                                                                                                                                                                                                                                                                                                                                                                                                                                                                                                                                                                                                                                                                                                                                                                                                                                                                                                                                                                                                                                                                                                                                                                                                                                                                                                                                                                                                                                                                                                                                                                                                                                                                                                                                                                                                                                                                                                                                                                                                                                                                                                                                                                                                                                                                                                                                                                                                                                                                                                                                                                                         ^
  /root/autodl-tmp/conda_envs/image_analysis/lib/python3.10/site-packages/torch/include/ATen/core/TensorBody.h:253:1: note: declared here
    253 |   T * data() const {
        | ^ ~~
  /root/autodl-tmp/Image_Analysis_Workflow/Grounded-Segment-Anything/GroundingDINO/groundingdino/models/GroundingDINO/csrc/MsDeformAttn/ms_deform_attn_cuda.cu:135:2857: warning: ‘T* at::Tensor::data() const [with T = float]’ is deprecated: Tensor.data<T>() is deprecated. Please use Tensor.data_ptr<T>() instead. [-Wdeprecated-declarations]
    135 |         AT_DISPATCH_FLOATING_TYPES(value.scalar_type(), "ms_deform_attn_backward_cuda", ([&] {
        |                                                                                                                                                                                                                                                                                                                                                                                                                                                                                                                                                                                                                                                                                                                                                                                                                                                                                                                                                                                                                                                                                                                                                                                                                                                                                                                                                                                                                                                                                                                                                                                                                                                                                                                                                                                                                                                                                                                                                                                                                                                                                                                                                                                                                                                                                                                                                                                                                                                                                                                                                                                                                                                                                                                                                                                                                                                                                                                                                                         ^
  /root/autodl-tmp/conda_envs/image_analysis/lib/python3.10/site-packages/torch/include/ATen/core/TensorBody.h:253:1: note: declared here
    253 |   T * data() const {
        | ^ ~~
  /root/autodl-tmp/Image_Analysis_Workflow/Grounded-Segment-Anything/GroundingDINO/groundingdino/models/GroundingDINO/csrc/MsDeformAttn/ms_deform_attn_cuda.cu:135:2940: warning: ‘T* at::Tensor::data() const [with T = float]’ is deprecated: Tensor.data<T>() is deprecated. Please use Tensor.data_ptr<T>() instead. [-Wdeprecated-declarations]
    135 |         AT_DISPATCH_FLOATING_TYPES(value.scalar_type(), "ms_deform_attn_backward_cuda", ([&] {
        |                                                                                                                                                                                                                                                                                                                                                                                                                                                                                                                                                                                                                                                                                                                                                                                                                                                                                                                                                                                                                                                                                                                                                                                                                                                                                                                                                                                                                                                                                                                                                                                                                                                                                                                                                                                                                                                                                                                                                                                                                                                                                                                                                                                                                                                                                                                                                                                                                                                                                                                                                                                                                                                                                                                                                                                                                                                                                                                                                                                                                                                            ^
  /root/autodl-tmp/conda_envs/image_analysis/lib/python3.10/site-packages/torch/include/ATen/core/TensorBody.h:253:1: note: declared here
    253 |   T * data() const {
        | ^ ~~
  /root/autodl-tmp/Image_Analysis_Workflow/Grounded-Segment-Anything/GroundingDINO/groundingdino/models/GroundingDINO/csrc/MsDeformAttn/ms_deform_attn_cuda.cu:135:3027: warning: ‘T* at::Tensor::data() const [with T = float]’ is deprecated: Tensor.data<T>() is deprecated. Please use Tensor.data_ptr<T>() instead. [-Wdeprecated-declarations]
    135 |         AT_DISPATCH_FLOATING_TYPES(value.scalar_type(), "ms_deform_attn_backward_cuda", ([&] {
        |                                                                                                                                                                                                                                                                                                                                                                                                                                                                                                                                                                                                                                                                                                                                                                                                                                                                                                                                                                                                                                                                                                                                                                                                                                                                                                                                                                                                                                                                                                                                                                                                                                                                                                                                                                                                                                                                                                                                                                                                                                                                                                                                                                                                                                                                                                                                                                                                                                                                                                                                                                                                                                                                                                                                                                                                                                                                                                                                                                                                                                                                                                                                                   ^
  /root/autodl-tmp/conda_envs/image_analysis/lib/python3.10/site-packages/torch/include/ATen/core/TensorBody.h:253:1: note: declared here
    253 |   T * data() const {
        | ^ ~~
  creating /tmp/tmpi_tp524s.build-lib/groundingdino
  g++ -pthread -B /root/autodl-tmp/conda_envs/image_analysis/compiler_compat -Wno-unused-result -Wsign-compare -DNDEBUG -fwrapv -O2 -Wall -fPIC -O2 -isystem /root/autodl-tmp/conda_envs/image_analysis/include -fPIC -O2 -isystem /root/autodl-tmp/conda_envs/image_analysis/include -pthread -B /root/autodl-tmp/conda_envs/image_analysis/compiler_compat -shared /tmp/tmpvo0pzgvk.build-temp/root/autodl-tmp/Image_Analysis_Workflow/Grounded-Segment-Anything/GroundingDINO/groundingdino/models/GroundingDINO/csrc/MsDeformAttn/ms_deform_attn_cpu.o /tmp/tmpvo0pzgvk.build-temp/root/autodl-tmp/Image_Analysis_Workflow/Grounded-Segment-Anything/GroundingDINO/groundingdino/models/GroundingDINO/csrc/MsDeformAttn/ms_deform_attn_cuda.o /tmp/tmpvo0pzgvk.build-temp/root/autodl-tmp/Image_Analysis_Workflow/Grounded-Segment-Anything/GroundingDINO/groundingdino/models/GroundingDINO/csrc/cuda_version.o /tmp/tmpvo0pzgvk.build-temp/root/autodl-tmp/Image_Analysis_Workflow/Grounded-Segment-Anything/GroundingDINO/groundingdino/models/GroundingDINO/csrc/vision.o -L/root/autodl-tmp/conda_envs/image_analysis/lib/python3.10/site-packages/torch/lib -L/usr/local/cuda-12.8/lib64 -lc10 -ltorch -ltorch_cpu -ltorch_python -lcudart -lc10_cuda -ltorch_cuda -o /tmp/tmpi_tp524s.build-lib/groundingdino/_C.cpython-310-x86_64-linux-gnu.so
  copying /tmp/tmpi_tp524s.build-lib/groundingdino/_C.cpython-310-x86_64-linux-gnu.so -> groundingdino
  Editable install will be performed using a meta path finder.

  Options like `package-data`, `include/exclude-package-data` or
  `packages.find.exclude/include` may have no effect.

  adding '__editable___groundingdino_0_1_0_finder.py'
  adding '__editable__.groundingdino-0.1.0.pth'
  creating '/tmp/pip-ephem-wheel-cache-t9j18ff3/wheels/3d/06/0d/b8ad4437ab39b31a746ec8f9a9ddba2d1fd46ca5755880f54a/tmpk5rh1_gu/.tmp-58mkip8x/groundingdino-0.1.0-0.editable-cp310-cp310-linux_x86_64.whl' and adding '/tmp/tmphestp340groundingdino-0.1.0-0.editable-cp310-cp310-linux_x86_64.whl' to it
  adding 'groundingdino-0.1.0.dist-info/LICENSE'
  adding 'groundingdino-0.1.0.dist-info/METADATA'
  adding 'groundingdino-0.1.0.dist-info/WHEEL'
  adding 'groundingdino-0.1.0.dist-info/top_level.txt'
  adding 'groundingdino-0.1.0.dist-info/RECORD'
  /root/autodl-tmp/conda_envs/image_analysis/lib/python3.10/site-packages/setuptools/command/editable_wheel.py:342: InformationOnly: Editable installation.
  !!

          ********************************************************************************
          Please be careful with folders in your working directory with the same
          name as your package as they may take precedence during imports.
          ********************************************************************************

  !!
    with strategy, WheelFile(wheel_path, "w") as wheel_obj:
  Building editable for groundingdino (pyproject.toml): finished with status 'done'
  Created wheel for groundingdino: filename=groundingdino-0.1.0-0.editable-cp310-cp310-linux_x86_64.whl size=11146 sha256=c478df15fd12f74eb4aca50ab9bcfa6c8ea36db8593154607d7cfc633f3ed2ba
  Stored in directory: /tmp/pip-ephem-wheel-cache-t9j18ff3/wheels/3d/06/0d/b8ad4437ab39b31a746ec8f9a9ddba2d1fd46ca5755880f54a
Successfully built groundingdino
Installing collected packages: groundingdino
Successfully installed groundingdino-0.1.0
WARNING: Running pip as the 'root' user can result in broken permissions and conflicting behaviour with the system package manager, possibly rendering your system unusable. It is recommended to use a virtual environment instead: https://pip.pypa.io/warnings/venv. Use the --root-user-action option if you know what you are doing and want to suppress this warning.
===== install finished Thu May  7 09:02:01 CST 2026 =====
